{
    "name": "root",
    "metadata": {
        "timer_format_version": "0.1.0",
        "start_time_seconds": "1729597290",
        "python_version": "3.9.13 (tags/v3.9.13:6de2ca5, May 17 2022, 16:36:42) [MSC v.1929 64 bit (AMD64)]",
        "command_line_arguments": "C:\\Users\\ecallegari-l2023\\AppData\\Local\\Programs\\Python\\Python39\\Scripts\\mlagents-learn Assets/AI_Racetrack/CarConfig.yaml --run-id=RacingAI_14",
        "mlagents_version": "0.30.0",
        "mlagents_envs_version": "0.30.0",
        "communication_protocol_version": "1.5.0",
        "pytorch_version": "2.0.1+cpu",
        "numpy_version": "1.21.2",
        "end_time_seconds": "1729597336"
    },
    "total": 46.5937214,
    "count": 1,
    "self": 0.05916870000000074,
    "children": {
        "run_training.setup": {
            "total": 0.15386169999999977,
            "count": 1,
            "self": 0.15386169999999977
        },
        "TrainerController.start_learning": {
            "total": 46.380691,
            "count": 1,
            "self": 0.053947500000290916,
            "children": {
                "TrainerController._reset_env": {
                    "total": 20.181316199999998,
                    "count": 1,
                    "self": 20.181316199999998
                },
                "TrainerController.advance": {
                    "total": 26.042705799999712,
                    "count": 5596,
                    "self": 0.05236259999962911,
                    "children": {
                        "env_step": {
                            "total": 24.448440400000173,
                            "count": 5596,
                            "self": 22.03963570000036,
                            "children": {
                                "SubprocessEnvManager._take_step": {
                                    "total": 2.372707099999701,
                                    "count": 5597,
                                    "self": 0.14739949999969681,
                                    "children": {
                                        "TorchPolicy.evaluate": {
                                            "total": 2.2253076000000043,
                                            "count": 5025,
                                            "self": 2.2253076000000043
                                        }
                                    }
                                },
                                "workers": {
                                    "total": 0.03609760000011164,
                                    "count": 5595,
                                    "self": 0.0,
                                    "children": {
                                        "worker_root": {
                                            "total": 16.028870500000103,
                                            "count": 5595,
                                            "is_parallel": true,
                                            "self": 6.103614500000074,
                                            "children": {
                                                "steps_from_proto": {
                                                    "total": 0.00023709999999965703,
                                                    "count": 1,
                                                    "is_parallel": true,
                                                    "self": 8.699999999706165e-05,
                                                    "children": {
                                                        "_process_rank_one_or_two_observation": {
                                                            "total": 0.00015010000000259538,
                                                            "count": 2,
                                                            "is_parallel": true,
                                                            "self": 0.00015010000000259538
                                                        }
                                                    }
                                                },
                                                "UnityEnvironment.step": {
                                                    "total": 9.92501890000003,
                                                    "count": 5595,
                                                    "is_parallel": true,
                                                    "self": 0.21020029999997547,
                                                    "children": {
                                                        "UnityEnvironment._generate_step_input": {
                                                            "total": 0.1591688000002165,
                                                            "count": 5595,
                                                            "is_parallel": true,
                                                            "self": 0.1591688000002165
                                                        },
                                                        "communicator.exchange": {
                                                            "total": 9.038618599999918,
                                                            "count": 5595,
                                                            "is_parallel": true,
                                                            "self": 9.038618599999918
                                                        },
                                                        "steps_from_proto": {
                                                            "total": 0.51703119999992,
                                                            "count": 5595,
                                                            "is_parallel": true,
                                                            "self": 0.27936109999989256,
                                                            "children": {
                                                                "_process_rank_one_or_two_observation": {
                                                                    "total": 0.23767010000002742,
                                                                    "count": 11190,
                                                                    "is_parallel": true,
                                                                    "self": 0.23767010000002742
                                                                }
                                                            }
                                                        }
                                                    }
                                                }
                                            }
                                        }
                                    }
                                }
                            }
                        },
                        "trainer_advance": {
                            "total": 1.5419027999999102,
                            "count": 5595,
                            "self": 0.05297869999981941,
                            "children": {
                                "process_trajectory": {
                                    "total": 0.7715477000000952,
                                    "count": 5595,
                                    "self": 0.7715477000000952
                                },
                                "_update_policy": {
                                    "total": 0.7173763999999956,
                                    "count": 2,
                                    "self": 0.39254650000001945,
                                    "children": {
                                        "TorchPPOOptimizer.update": {
                                            "total": 0.32482989999997613,
                                            "count": 96,