{
    "name": "root",
    "metadata": {
        "timer_format_version": "0.1.0",
        "start_time_seconds": "1729603931",
        "python_version": "3.9.13 (tags/v3.9.13:6de2ca5, May 17 2022, 16:36:42) [MSC v.1929 64 bit (AMD64)]",
        "command_line_arguments": "C:\\Users\\ecallegari-l2023\\AppData\\Local\\Programs\\Python\\Python39\\Scripts\\mlagents-learn Assets/AI_Racetrack/CarConfig.yaml --run-id=RacingAI_18",
        "mlagents_version": "0.30.0",
        "mlagents_envs_version": "0.30.0",
        "communication_protocol_version": "1.5.0",
        "pytorch_version": "2.0.1+cpu",
        "numpy_version": "1.21.2",
        "end_time_seconds": "1729604005"
    },
    "total": 74.1763924,
    "count": 1,
    "self": 0.006246199999992541,
    "children": {
        "run_training.setup": {
            "total": 0.1479136999999997,
            "count": 1,
            "self": 0.1479136999999997
        },
        "TrainerController.start_learning": {
            "total": 74.0222325,
            "count": 1,
            "self": 0.05962940000004835,
            "children": {
                "TrainerController._reset_env": {
                    "total": 3.5598871,
                    "count": 1,
                    "self": 3.5598871
                },
                "TrainerController.advance": {
                    "total": 70.31004869999995,
                    "count": 5987,
                    "self": 0.05806909999994048,
                    "children": {
                        "env_step": {
                            "total": 69.23011600000005,
                            "count": 5987,
                            "self": 65.47280559999984,
                            "children": {
                                "SubprocessEnvManager._take_step": {
                                    "total": 3.718553000000089,
                                    "count": 5988,
                                    "self": 0.16271000000014002,
                                    "children": {
                                        "TorchPolicy.evaluate": {
                                            "total": 3.555842999999949,
                                            "count": 5985,
                                            "self": 3.555842999999949
                                        }
                                    }
                                },
                                "workers": {
                                    "total": 0.03875740000011785,
                                    "count": 5986,
                                    "self": 0.0,
                                    "children": {
                                        "worker_root": {
                                            "total": 27.09578209999996,
                                            "count": 5986,
                                            "is_parallel": true,
                                            "self": 7.2762713999999065,
                                            "children": {
                                                "steps_from_proto": {
                                                    "total": 0.0003165000000002749,
                                                    "count": 1,
                                                    "is_parallel": true,
                                                    "self": 0.0001672999999997593,
                                                    "children": {
                                                        "_process_rank_one_or_two_observation": {
                                                            "total": 0.0001492000000005156,
                                                            "count": 2,
                                                            "is_parallel": true,
                                                            "self": 0.0001492000000005156
                                                        }
                                                    }
                                                },
                                                "UnityEnvironment.step": {
                                                    "total": 19.81919420000005,
                                                    "count": 5986,
                                                    "is_parallel": true,
                                                    "self": 0.23942120000033995,
                                                    "children": {
                                                        "UnityEnvironment._generate_step_input": {
                                                            "total": 0.1865967999996867,
                                                            "count": 5986,
                                                            "is_parallel": true,
                                                            "self": 0.1865967999996867
                                                        },
                                                        "communicator.exchange": {
                                                            "total": 18.599977399999926,
                                                            "count": 5986,
                                                            "is_parallel": true,
                                                            "self": 18.599977399999926
                                                        },
                                                        "steps_from_proto": {
                                                            "total": 0.7931988000000998,
                                                            "count": 5986,
                                                            "is_parallel": true,
                                                            "self": 0.5173362000001451,
                                                            "children": {
                                                                "_process_rank_one_or_two_observation": {
                                                                    "total": 0.27586259999995466,
                                                                    "count": 11972,
                                                                    "is_parallel": true,
                                                                    "self": 0.27586259999995466
                                                                }
                                                            }
                                                        }
                                                    }
                                                }
                                            }
                                        }
                                    }
                                }
                            }
                        },
                        "trainer_advance": {
                            "total": 1.0218635999999552,
                            "count": 5986,
                            "self": 0.06694609999998491,
                            "children": {
                                "process_trajectory": {
                                    "total": 0.2652824999999712,
                                    "count": 5986,
                                    "self": 0.2652824999999712
                                },
                                "_update_policy": {
                                    "total": 0.6896349999999991,
                                    "count": 2,
                                    "self": 0.36519110000002186,
                                    "children": {
                                        "TorchPPOOptimizer.update": {
                                            "total": 0.32444389999997725,
                                            "count": 96,