{"count":1,"self":78.2274432,"total":464.9852777,"children":{"InitializeActuators":{"count":9,"self":0.00099819999999999987,"total":0.00099819999999999987,"children":null},"InitializeSensors":{"count":9,"self":0.0010008,"total":0.0010008,"children":null},"AgentSendState":{"count":378184,"self":1.4276176999999999,"total":5.3516954,"children":{"CollectObservations":{"count":680733,"self":0.56095149999999994,"total":0.56095149999999994,"children":null},"WriteActionMask":{"count":680733,"self":0.21692889999999998,"total":0.21692889999999998,"children":null},"RequestDecision":{"count":680733,"self":1.0705098,"total":3.1461973,"children":{"AgentInfo.ToProto":{"count":680733,"self":0.88143889999999991,"total":2.0756875,"children":{"GenerateSensorData":{"count":680733,"self":1.1942485999999999,"total":1.1942485999999999,"children":null}}}}}}},"DecideAction":{"count":378184,"self":378.60784639999997,"total":378.6078497,"children":null},"AgentAct":{"count":378184,"self":2.6472956,"total":2.6472955,"children":null},"AgentInfo.ToProto":{"count":25424,"self":0.0496483,"total":0.1489971,"children":{"GenerateSensorData":{"count":25424,"self":0.0993488,"total":0.0993488,"children":null}}}},"gauges":{"Move To Target.CumulativeReward":{"count":25424,"max":10,"min":-4,"runningAverage":8.224145,"value":-2,"weightedAverage":6.05021}},"metadata":{"timer_format_version":"0.1.0","start_time_seconds":"1729759374","unity_version":"2022.3.35f1","command_line_arguments":"C:\\Program Files\\Unity\\Hub\\Editor\\2022.3.35f1\\Editor\\Unity.exe -projectpath C:\\Users\\ecallegari-l2023\\Documents\\GitHub\\Unity-ML-Agents -useHub -hubIPC -cloudEnvironment production -licensingIpc LicenseClient-ecallegari-l2023 -hubSessionId 8f57e781-d12a-463c-90b8-496070adbc1d -accessToken oE3JqS3Uj9OFfnDHznqixirAosg1Ccj8sv8C-A_n2_A012f","communication_protocol_version":"1.5.0","com.unity.ml-agents_version":"2.0.1","scene_name":"AgentToTarget","end_time_seconds":"1729759839"}}