{
    "name": "root",
    "gauges": {
        "MoveToTarget.Policy.Entropy.mean": {
            "value": 1.172003149986267,
            "min": 1.1690186262130737,
            "max": 1.411309838294983,
            "count": 23
        },
        "MoveToTarget.Policy.Entropy.sum": {
            "value": 58731.421875,
            "min": 58076.84375,
            "max": 70863.28125,
            "count": 23
        },
        "MoveToTarget.Environment.EpisodeLength.mean": {
            "value": 9634.0,
            "min": 12.709399075500771,
            "max": 9634.0,
            "count": 18
        },
        "MoveToTarget.Environment.EpisodeLength.sum": {
            "value": 38536.0,
            "min": 140.0,
            "max": 64261.0,
            "count": 18
        },
        "MoveToTarget.Step.mean": {
            "value": 1149956.0,
            "min": 49990.0,
            "max": 1149956.0,
            "count": 23
        },
        "MoveToTarget.Step.sum": {
            "value": 1149956.0,
            "min": 49990.0,
            "max": 1149956.0,
            "count": 23
        },
        "MoveToTarget.Policy.ExtrinsicValueEstimate.mean": {
            "value": 0.20462270081043243,
            "min": 0.20462270081043243,
            "max": 8.603035926818848,
            "count": 23
        },
        "MoveToTarget.Policy.ExtrinsicValueEstimate.sum": {
            "value": 160.4241943359375,
            "min": 160.4241943359375,
            "max": 25890.73046875,
            "count": 23
        },
        "MoveToTarget.Environment.CumulativeReward.mean": {
            "value": 7.0,
            "min": 0.4,
            "max": 9.166369789811187,
            "count": 18
        },
        "MoveToTarget.Environment.CumulativeReward.sum": {
            "value": 28.0,
            "min": 28.0,
            "max": 25774.0,
            "count": 18
        },
        "MoveToTarget.Policy.ExtrinsicReward.mean": {
            "value": 7.0,
            "min": 0.4,
            "max": 9.166369789811187,
            "count": 18
        },
        "MoveToTarget.Policy.ExtrinsicReward.sum": {
            "value": 28.0,
            "min": 28.0,
            "max": 25774.0,
            "count": 18
        },
        "MoveToTarget.Losses.PolicyLoss.mean": {
            "value": 0.06372745264399175,
            "min": 0.020089020587814352,
            "max": 0.3411651008574861,
            "count": 23
        },
        "MoveToTarget.Losses.PolicyLoss.sum": {
            "value": 0.3186372632199588,
            "min": 0.08035608235125741,
            "max": 6.1658356328131045,
            "count": 23
        },
        "MoveToTarget.Losses.ValueLoss.mean": {
            "value": 0.031792070840795834,
            "min": 0.0015935433869405339,
            "max": 4.642936448540007,
            "count": 23
        },
        "MoveToTarget.Losses.ValueLoss.sum": {
            "value": 0.15896035420397917,
            "min": 0.007967716934702669,
            "max": 73.2921764532725,
            "count": 23
        },
        "MoveToTarget.Policy.LearningRate.mean": {
            "value": 0.00029322389505870235,
            "min": 0.00029322389505870235,
            "max": 0.0002998348650550449,
            "count": 23
        },
        "MoveToTarget.Policy.LearningRate.sum": {
            "value": 0.0014661194752935117,
            "min": 0.0011789907910030718,
            "max": 0.0062276214181262,
            "count": 23
        },
        "MoveToTarget.Policy.Epsilon.mean": {
            "value": 0.19774129760000003,
            "min": 0.19774129760000003,
            "max": 0.19994495500000006,
            "count": 23
        },
        "MoveToTarget.Policy.Epsilon.sum": {
            "value": 0.9887064880000002,
            "min": 0.792996928,
            "max": 4.1758737980000005,
            "count": 23
        },
        "MoveToTarget.Policy.Beta.mean": {
            "value": 0.004887290750239999,
            "min": 0.004887290750239999,
            "max": 0.0049972532545,
            "count": 23
        },
        "MoveToTarget.Policy.Beta.sum": {
            "value": 0.0244364537512,
            "min": 0.019650546707200005,
            "max": 0.10379610252019998,
            "count": 23
        },
        "MoveToTarget.IsTraining.mean": {
            "value": 1.0,
            "min": 1.0,
            "max": 1.0,
            "count": 23
        },
        "MoveToTarget.IsTraining.sum": {
            "value": 1.0,
            "min": 1.0,
            "max": 1.0,
            "count": 23
        }
    },
    "metadata": {
        "timer_format_version": "0.1.0",
        "start_time_seconds": "1729758296",
        "python_version": "3.9.13 (tags/v3.9.13:6de2ca5, May 17 2022, 16:36:42) [MSC v.1929 64 bit (AMD64)]",
        "command_line_arguments": "C:\\Users\\ecallegari-l2023\\AppData\\Local\\Programs\\Python\\Python39\\Scripts\\mlagents-learn Assets/configuration.yaml --run-id=Test20",
        "mlagents_version": "0.30.0",
        "mlagents_envs_version": "0.30.0",
        "communication_protocol_version": "1.5.0",
        "pytorch_version": "2.0.1+cpu",
        "numpy_version": "1.21.2",
        "end_time_seconds": "1729759158"
    },
    "total": 862.4205287,
    "count": 1,
    "self": 0.0054627999999183885,
    "children": {
        "run_training.setup": {
            "total": 0.15533909999999995,
            "count": 1,
            "self": 0.15533909999999995
        },
        "TrainerController.start_learning": {
            "total": 862.2597268000001,
            "count": 1,
            "self": 1.7434667000119362,
            "children": {
                "TrainerController._reset_env": {
                    "total": 5.739309800000001,
                    "count": 1,
                    "self": 5.739309800000001
                },
                "TrainerController.advance": {
                    "total": 854.6259065999881,
                    "count": 158721,
                    "self": 1.7510137999787503,
                    "children": {
                        "env_step": {
                            "total": 560.360690500014,
                            "count": 158721,
                            "self": 470.46741730002685,
                            "children": {
                                "SubprocessEnvManager._take_step": {
                                    "total": 88.78941359997894,
                                    "count": 158722,
                                    "self": 5.39068339996895,
                                    "children": {
                                        "TorchPolicy.evaluate": {
                                            "total": 83.39873020001,
                                            "count": 131941,
                                            "self": 83.39873020001
                                        }
                                    }
                                },
                                "workers": {
                                    "total": 1.1038596000082332,
                                    "count": 158720,
                                    "self": 0.0,
                                    "children": {
                                        "worker_root": {
                                            "total": 749.5295516999981,
                                            "count": 158720,
                                            "is_parallel": true,
                                            "self": 482.3872869999965,
                                            "children": {
                                                "steps_from_proto": {
                                                    "total": 0.0007945999999980913,
                                                    "count": 2,
                                                    "is_parallel": true,
                                                    "self": 0.0002668999999952959,