{
    "name": "root",
    "metadata": {
        "timer_format_version": "0.1.0",
        "start_time_seconds": "1729590143",
        "python_version": "3.9.13 (tags/v3.9.13:6de2ca5, May 17 2022, 16:36:42) [MSC v.1929 64 bit (AMD64)]",
        "command_line_arguments": "C:\\Users\\ecallegari-l2023\\AppData\\Local\\Programs\\Python\\Python39\\Scripts\\mlagents-learn --run-id=RacingAI_8",
        "mlagents_version": "0.30.0",
        "mlagents_envs_version": "0.30.0",
        "communication_protocol_version": "1.5.0",
        "pytorch_version": "2.0.1+cpu",
        "numpy_version": "1.21.2",
        "end_time_seconds": "1729590203"
    },
    "total": 59.9867716,
    "count": 1,
    "self": 10.0051056,
    "children": {
        "run_training.setup": {
            "total": 0.04226540000000023,
            "count": 1,
            "self": 0.04226540000000023
        },
        "TrainerController.start_learning": {
            "total": 49.9394006,
            "count": 1,
            "self": 0.062422600000061834,
            "children": {
                "TrainerController._reset_env": {
                    "total": 3.5998540999999995,
                    "count": 1,
                    "self": 3.5998540999999995
                },
                "TrainerController.advance": {
                    "total": 46.09354419999994,
                    "count": 6424,
                    "self": 0.06224759999992813,
                    "children": {
                        "env_step": {
                            "total": 45.69642719999998,
                            "count": 6424,
                            "self": 42.296721,
                            "children": {
                                "SubprocessEnvManager._take_step": {
                                    "total": 3.357744000000128,
                                    "count": 6425,
                                    "self": 0.1791208000002884,
                                    "children": {
                                        "TorchPolicy.evaluate": {
                                            "total": 3.1786231999998398,
                                            "count": 6425,
                                            "self": 3.1786231999998398
                                        }
                                    }
                                },
                                "workers": {
                                    "total": 0.041962199999853844,
                                    "count": 6423,
                                    "self": 0.0,
                                    "children": {
                                        "worker_root": {
                                            "total": 32.34636139999994,
                                            "count": 6423,
                                            "is_parallel": true,
                                            "self": 6.854091399999813,
                                            "children": {
                                                "steps_from_proto": {
                                                    "total": 0.0007480999999995852,
                                                    "count": 2,
                                                    "is_parallel": true,
                                                    "self": 0.0003633999999999027,
                                                    "children": {
                                                        "_process_rank_one_or_two_observation": {
                                                            "total": 0.0003846999999996825,
                                                            "count": 4,
                                                            "is_parallel": true,
                                                            "self": 0.0003846999999996825
                                                        }
                                                    }
                                                },
                                                "UnityEnvironment.step": {
                                                    "total": 25.49152190000013,
                                                    "count": 6423,
                                                    "is_parallel": true,
                                                    "self": 0.2457276999999891,
                                                    "children": {
                                                        "UnityEnvironment._generate_step_input": {
                                                            "total": 0.19707529999991014,
                                                            "count": 6423,
                                                            "is_parallel": true,
                                                            "self": 0.19707529999991014
                                                        },
                                                        "communicator.exchange": {
                                                            "total": 24.222663300000068,
                                                            "count": 6423,
                                                            "is_parallel": true,
                                                            "self": 24.222663300000068
                                                        },
                                                        "steps_from_proto": {
                                                            "total": 0.8260556000001649,
                                                            "count": 6423,
                                                            "is_parallel": true,
                                                            "self": 0.5397454000002111,
                                                            "children": {
                                                                "_process_rank_one_or_two_observation": {
                                                                    "total": 0.2863101999999538,
                                                                    "count": 12846,
                                                                    "is_parallel": true,
                                                                    "self": 0.2863101999999538
                                                                }
                                                            }
                                                        }
                                                    }
                                                }
                                            }
                                        }
                                    }
                                }
                            }
                        },
                        "trainer_advance": {
                            "total": 0.3348694000000334,
                            "count": 6423,
                            "self": 0.06807320000014183,
                            "children": {
                                "process_trajectory": {
                                    "total": 0.26679619999989157,
                                    "count": 6423,
                                    "self": 0.26679619999989157
                                }
                            }
                        }
                    }
                },
                "trainer_threads": {
                    "total": 8.000000022434506e-07,
                    "count": 1,
                    "self": 8.000000022434506e-07
                },
                "TrainerController._save_models": {
                    "total": 0.18357889999999344,
                    "count": 1,
                    "self": 0.003764399999994339,